<pagescount>
	<total_html_pages>2</total_html_pages>
	<html>2</html>
	<img>19</img>
	<js>16</js>
	<css>8</css>
	<pdf>0</pdf>
	<xml>0</xml>
	<txt>0</txt>
	<fonts>9</fonts>
	<is_pretty_url>false</is_pretty_url>
	<is_ebn>false</is_ebn>
	<theme_name>WDO_theme</theme_name>
	<server_url_front_page>https://www.waybackmachinedownloader.com/website-downloader-online/scraping/files/live/fastbtcgenerator.pro_rotsenmondoy_yahoo.com_3u4eorfe4kc</server_url_front_page>
	<hosted_domain>hosted_domain</hosted_domain>
</pagescount>